Serial,Username,Status
1,mehrunesartem,Expert
11,YeahPotato,Expert
18,Vanthoci,Expert
22,bstiat.,Expert
32,KirimaSharo,Expert
41,Peanut_Tang,Expert
44,Antichain,Expert
46,Vassu05,Expert
51,hl666,Expert
56,cylyyds123,Expert
58,Sh1yuhang2008,Expert
75,paopaooux,Expert
77,hehepig,Expert
84,c2023cyj,Expert
88,Twilight_Shimmer,Expert
92,PRXMS,Expert
100,Star32,Expert
109,KevinLikesCoding,Expert
112,Jeneveuxpas,Expert
115,Microchip,Expert
116,Prince_Arthas,Expert
118,Th_K,Expert
119,ttkkggww,Expert
125,Othinus,Expert
136,lcb9021,Expert
139,MistZero,Expert
144,sushmanth.dampur8780,Expert
165,luanmenglei,Expert
167,scanner,Expert
169,beethoven97,Expert
175,Insta-x,Expert
182,superyijin,Expert
183,lasta,Expert
186,Feynn,Expert
188,AdhityaMangudy,Expert
193,Dukkha,Expert
197,AaronHe,Expert
204,SHEXINYI,Expert
207,remake_noob_smallpeter,Expert
209,Shelling,Expert
221,BlankYang,Expert
234,wjh666,Expert
236,camc,Expert
237,badlad,Expert
240,Edu175,Expert
245,ttamx,Expert
250,fanch100,Expert
251,Trial_light,Expert
254,Mirbek,Expert
260,ZzMK,Expert
263,prairie2022,Expert
266,zbceyond,Expert
284,HKZG,Expert
291,zhangboju,Expert
295,HSH1385,Expert
297,Krito.,Expert
301,POeticPotato,Expert
302,zlxFTH,Expert
305,flamestorm,Expert
309,___dreamer__,Expert
321,zhangmj2008,Expert
330,Grey_track,Expert
333,Redemption_MS,Expert
339,ibrahim001,Expert
359,CurryWOE,Expert
360,ZRTONE_4625,Expert
369,Love_Youuu,Expert
373,angelo_torres,Expert
375,Celtic,Expert
381,abdelrahman_rashed,Expert
389,wujiawei111,Expert
391,WildUtah,Expert
400,llzer,Expert
407,eucalyptus,Expert
415,CosAlpha,Expert
419,wtn135687,Expert
420,ScorpioDagger,Expert
425,mazihang2022,Expert
427,LinkWish,Expert
430,Jerry__Jiang,Expert
434,peop2e_,Expert
436,lavijiang,Expert
438,89487,Expert
445,savvawr,Expert
446,LexBurner,Expert
455,Reborn,Expert
457,kenkenken,Expert
458,williamcz,Expert
463,stkwill,Expert
465,robux_scam,Expert
467,learner__,Expert
484,-kirito-,Expert
491,little_ge,Expert
511,SlavicG,Expert
513,ivanlarin,Expert
521,linxd,Expert
524,AcPlusOne,Expert
530,jiangnanmost,Expert
531,anton6,Expert
541,maple.catttt,Expert
542,QAQ_Becase,Expert
554,MurphyUU,Expert
556,L3ungj,Expert
567,__chtholly__,Expert
568,-Jiraiya-,Expert
569,Messy-,Expert
572,Nathan_McKane,Expert
577,Artteiv,Expert
579,Hytidel,Expert
584,ciuim,Expert
586,friendless,Expert
591,sg78276397,Expert
596,clams,Expert
600,vikram_kv,Expert
605,IceRay,Expert
610,UUUnmei,Expert
617,Kriz_Wu,Expert
619,ClockSort,Expert
625,azert9526,Expert
628,nogondess,Expert
648,chengbilly,Expert
654,Maxwell_dcc,Expert
656,fantasma,Expert
659,Mar1gold,Expert
661,strange757,Expert
664,2745518585,Expert
670,Milan,Expert
679,anhkha2003,Expert
688,trainerherp,Expert
691,Teemka,Expert
692,Sheep_Li,Expert
693,s_jaskaran_s,Expert
707,Runewrz,Expert
710,Francis777,Expert
721,IndignantHydra,Expert
723,TamimEhsan,Expert
726,Kawaii,Expert
730,waifus,Expert
731,milky--way,Expert
733,go_emon,Expert
740,Gats,Expert
745,yh_victor,Expert
749,multisetting,Expert
753,still_me,Expert
756,CedeaT0,Expert
759,rkfcccccc,Expert
761,Mirali7,Expert
767,AlephZero01,Expert
768,Krypto_Ray,Expert
770,WitchOfTruth,Expert
777,Lv_x,Expert
793,masood_,Expert
794,udon1206,Expert
795,notyour_young,Expert
796,hai.hai.hai.,Expert
801,Olympia,Expert
804,shencheng_,Expert
806,PowerBond,Expert
808,abotaha23,Expert
809,March_7th,Expert
818,Je3ter,Expert
825,Atri_My_Dear_Moments,Expert
836,Aniket2909,Expert
844,alexbrii,Expert
848,Sanam007,Expert
849,Abdul_Aziz,Expert
851,14th_onresp,Expert
854,ZhihuiLiu,Expert
859,Gamal74,Expert
862,TimmyChiang,Expert
863,Sossy,Expert
865,cristea,Expert
869,zzhrnoicansolve,Expert
875,Elza_York,Expert
884,INF_512,Expert
885,Manzood,Expert
889,_Papaya_,Expert
890,stan23456,Expert
895,pei_pei_,Expert
906,Olenyeva,Expert
913,Nawaz19,Expert
915,BobPiggy,Expert
922,bcyjtyl,Expert
923,sergeev.PRO,Expert
928,FST_Forces,Expert
930,287029,Expert
933,Rania,Expert
942,Leonardo16,Expert
943,zillionaire,Expert
948,JoanhLan,Expert
958,gigabuffoon,Expert
975,Lalisa27,Expert
983,AndriaBeridze,Expert
984,kingmessi,Expert
987,Haven_,Expert
1004,sumon123,Expert
1006,Beso.Managadze,Expert
1014,Lates_,Expert
1015,n_m_p,Expert
1028,z1bbo,Expert
1029,MoLotfi,Expert
1032,sraavan,Expert
1046,2514631360a,Expert
1048,AlexRex0,Expert
1050,lilvan,Expert
1056,Schultzika,Expert
1062,wrong_answer_on_test2,Expert
1065,wulei233,Expert
1066,guagua0407,Expert
1070,mcclane57,Expert
1072,isheoran,Expert
1086,Aestivate,Expert
1090,shivamshekhar010,Expert
1091,llll.aditya.llll,Expert
1093,altalk,Expert
1096,chiruno233,Expert
1106,diobrando97,Expert
1112,kiivi,Expert
1117,threethreetwothree,Expert
1134,SiRBruce,Expert
1135,RockSnow,Expert
1142,whm123,Expert
1147,David-M,Expert
1148,Alex2184,Expert
1153,Tatsuyaaaa,Expert
1156,Akarsh,Expert
1158,CatnipIsAddictive,Expert
1159,Basilhijaz,Expert
1160,SMIrrichto,Expert
1161,Nurss,Expert
1163,Amigomust,Expert
1177,kimmoqt,Expert
1194,Ahmad-Magdy,Expert
1198,EJIC_B_KEDAX,Expert
1202,comotbannucute,Expert
1204,STommydx,Expert
1220,SergiiGolovko,Expert
1221,ammar_shaikh,Expert
1223,MickyOr,Expert
1236,hezhiqiang,Expert
1251,IlyinAD,Expert
1263,NatInTheHat,Expert
1265,satyabrat369,Expert
1272,synths,Expert
1278,avighanshani,Expert
1281,Asad_Bin,Expert
1283,Vandaro,Expert
1285,yash_babel,Expert
1288,NINGucas,Expert
1291,hackerbhaiya,Expert
1294,CoDeveRse_07,Expert
1300,qfl_zzz,Expert
1307,UltramanDecker,Expert
1308,dgrachev28,Expert
1310,A.n.o.n.y.m.o.u.s,Expert
1311,tox1c_kid,Expert
1316,Dan13llljws,Expert
1319,Popusk3000lvl,Expert
1322,Gym101,Expert
1323,RushiT,Expert
1330,drAKu0.0,Expert
1332,tgp07,Expert
1344,jtrh,Expert
1347,LeoKKK,Expert
1350,Hohenheim20,Expert
1369,devanshmishra111,Expert
1375,cepher01,Expert
1378,liut,Expert
1380,1024mb,Expert
1385,DipanshuG,Expert
1390,shubhamgrg1000,Expert
1423,_DUDE_,Expert
1437,Mateo,Expert
1442,Survivor_winner,Expert
1445,Shermes,Expert
1446,nice_doggos,Expert
1453,Satish_S,Expert
1454,richard_bachman,Expert
1464,Harsh_Bang_7,Expert
1470,rajan2k,Expert
1474,Once_I_Liked_AGirl,Expert
1485,HunterXD,Expert
1489,pc_invader,Expert
1492,Aniket_Sukhija,Expert
1498,NotImplemented,Expert
1502,MeowMcgrath,Expert
1506,payday3,Expert
1510,love_yoona,Expert
1519,Iced_Caffe_Americano,Expert
1522,bogocubic1,Expert
1523,bridgekiller,Expert
1525,debdhriti,Expert
1552,thanhchauns2,Expert
1559,dmkozyrev_thinks_slowly,Expert
1565,mingz,Expert
1566,rsa_op,Expert
1567,pyuss,Expert
1573,Mar-25,Expert
1578,jieunie,Expert
1580,RobinFromTheHood,Expert
1583,ZrjaK,Expert
1589,lpxlove,Expert
1594,bitcoin,Expert
1611,sLastika,Expert
1612,aayush_chhabra,Expert
1637,gagan_sharma,Expert
1643,Restricted,Expert
1646,sood_aniket28,Expert
1649,ddexter_12,Expert
1652,smilinginpain,Expert
1661,undec,Expert
1696,aman_m42,Expert
1704,mridulpandeycr7,Expert
1705,ambuj21,Expert
1721,abhilash_360,Expert
1723,inhibitor_81,Expert
1728,AK_173,Expert
1729,ericskh2,Expert
1731,ratnesh_tiwari,Expert
1733,_thor__,Expert
1734,MuichiroTo,Expert
1739,Kirkon,Expert
1762,Saksham_Singhal,Expert
1765,innocent_SINNER,Expert
1769,HeyHello2,Expert
1784,pranabpandey,Expert
1793,Egakrut3,Expert
1799,TheDarkKnight,Expert
1802,poyon,Expert
1840,XxDantexX,Expert
1851,FuDiWeiu,Expert
1857,black_dino,Expert
1872,tomato_potato,Expert
1879,MarioChan,Expert
1883,no2newbie,Expert
1896,PiscesDream,Expert
1916,xinyster,Expert
1917,Yogeek,Expert
1939,Nondifferentiable,Expert
1953,Ingenieur,Expert
1958,FishNotebook,Expert
1964,prasoon107,Expert
1965,trappist-1d,Expert
1966,Priyanshu_Gupta,Expert
1994,Gur_D,Expert
1995,dynamo_07,Expert
2002,sankalp_7,Expert
2004,harshsingla06,Expert
2015,procodgok,Expert
2024,XmouseX,Expert
2034,adiagr,Expert
2038,kunalsrv20,Expert
2042,DedsecKnight,Expert
2052,fasterfene,Expert
2057,absolute_looser,Expert
2060,Cereal,Expert
2061,Anumoy_nandy,Expert
2063,God_Of_War_,Expert
2064,4svOn,Expert
2065,Durrrrrrr2222,Expert
2066,akua,Expert
2072,Sinister_Shark,Expert
2081,dtyagi,Expert
2099,ProFate,Expert
2115,cover_drive,Expert
2119,pravin_as,Expert
2120,albertfanboy,Expert
2126,misty1999,Expert
2128,Farhan20,Expert
2135,gigajet,Expert
2142,gautamgosain04,Expert
2149,ParsaF,Expert
2153,eleven_3,Expert
2155,PrafulSinghal,Expert
2167,reyaan44,Expert
2176,puddlez,Expert
2191,Awesomeness._.,Expert
2193,IsCarryNotKarry,Expert
2198,harsh_A,Expert
2212,CALLSIGN_NULL,Expert
2226,Get_set_Code,Expert
2239,humwawe,Expert
2246,people_plus_plus,Expert
2248,dreamy_jasper,Expert
2265,itz_itachi,Expert
2269,AdityaG,Expert
2270,dhruva_shashi,Expert
2272,yh11,Expert
2279,aditya_108,Expert
2282,AlphaGaurav,Expert
2283,TreeKing,Expert
2290,keroru,Expert
2291,Ami_Nafi,Expert
2318,7thHokage1,Expert
2320,Mikazuki_Munechika,Expert
2324,harryb17,Expert
2325,Huyy_0521,Expert
2326,KiaRez,Expert
2338,Prajwal_733,Expert
2348,invincible777,Expert
2,klu_2000030422,Newbie
4,lyova.hun,Newbie
9,wety,Newbie
42,lukas1204,Newbie
52,jqbgdtht,Newbie
62,lxyzlz1,Newbie
74,prathamesh007,Newbie
80,yimuhua,Newbie
83,haoren258,Newbie
85,harshu1306,Newbie
135,Jerry142857,Newbie
214,qwqawa,Newbie
215,ddnrruddmss,Newbie
261,LGM786,Newbie
281,xueji,Newbie
289,Purslane,Newbie
311,BrendanSGubbins,Newbie
344,Lwchicky0,Newbie
347,I_love_seele_forever,Newbie
379,1LLu5ion,Newbie
388,watashikininarimasu,Newbie
399,gaurabkhatry,Newbie
478,Supper_qwq,Newbie
498,Md._Nahid_Ullah_Joy,Newbie
503,EvitFan,Newbie
533,blacksquare144,Newbie
535,Azimjonm0012,Newbie
636,haiducnguyen1,Newbie
639,Bellman_Bored,Newbie
701,wsday,Newbie
751,KingofErrors,Newbie
775,mistcola,Newbie
783,Devianusha_123,Newbie
799,stntn,Newbie
829,mefedron,Newbie
901,btc9,Newbie
940,Asuna12138666,Newbie
947,lixiangsanxun,Newbie
1005,Kanata258,Newbie
1021,challenger2023,Newbie
1071,blackjack21,Newbie
1109,under_gray,Newbie
1132,dchipher04,Newbie
1182,Zybg,Newbie
1208,opcoder_0521,Newbie
1214,zjdl,Newbie
1228,Skinny_Pete,Newbie
1258,20Ti_ntson,Newbie
1271,DanielTheManiel,Newbie
1371,ndt23,Newbie
1379,tnxcyrz,Newbie
1434,rust_fan,Newbie
1507,aksingh_321,Newbie
1517,sudhir___,Newbie
1518,Rohit_saini,Newbie
1541,enuguru_2002,Newbie
1543,Dream-On,Newbie
1553,Aniket_29,Newbie
1555,Pranjal324,Newbie
1563,arif049,Newbie
1568,yerkebayev,Newbie
1570,TwelveThread,Newbie
1575,np67,Newbie
1577,ne_prajwal,Newbie
1599,Ling_Cat_,Newbie
1607,newbie_01,Newbie
1613,n_k101,Newbie
1621,reputation_tv,Newbie
1622,anipatil21,Newbie
1626,Fazor52,Newbie
1629,2020eeb1144,Newbie
1630,arpurush,Newbie
1638,__SSB__,Newbie
1641,lak_pnd,Newbie
1642,dkm_1164,Newbie
1648,anooprai.123,Newbie
1653,Suplex,Newbie
1654,omtrivedioo3,Newbie
1655,yadavDipesh,Newbie
1658,vaibhavanand10,Newbie
1667,Manga_10,Newbie
1668,MuriyaTensei,Newbie
1676,yashagrawal20,Newbie
1677,neatHyperTxt,Newbie
1690,ranadip_01,Newbie
1693,Saurav_2942,Newbie
1700,ilasiawo,Newbie
1711,hritik25,Newbie
1718,ssbhardwaj,Newbie
1725,thinKeR_76,Newbie
1727,depurador_ik,Newbie
1735,Unknown_person_2,Newbie
1737,mlangc,Newbie
1744,chemecocs,Newbie
1745,Priyangshu_28May,Newbie
1749,constant_loop,Newbie
1776,nis1234,Newbie
1777,sharma0395478,Newbie
1782,coder_Gajendra,Newbie
1786,Aman_Zx,Newbie
1788,dronzer_28,Newbie
1796,GMbefore2024,Newbie
1807,21_DIN_ME_PAISA__DOUBLE,Newbie
1811,bestbeingsandeep5445,Newbie
1832,zelinksy_putin,Newbie
1833,fastybanno,Newbie
1838,Harry__9522,Newbie
1846,NinthFyre,Newbie
1848,sefayetalam14,Newbie
1849,joshincr,Newbie
1861,tamaraKaplan,Newbie
1877,Zesty_GK,Newbie
1878,choozahunmai,Newbie
1880,DarkwinDarkwa,Newbie
1887,jackylova,Newbie
1888,amal_thundiyil,Newbie
1891,swarup3204,Newbie
1911,shahvraj1500,Newbie
1918,Kevin_pbw,Newbie
1921,ayush.604,Newbie
1929,Kruthikesh,Newbie
1930,astrophysicist123,Newbie
1934,Mamun150,Newbie
1936,u_will_nvr_know,Newbie
1937,shahi_45,Newbie
1955,ashuthe1x,Newbie
1956,whynesspower,Newbie
1957,Tushar35,Newbie
1969,temporary_wheezie,Newbie
1970,Nandita35,Newbie
1978,saavrm,Newbie
1979,raman_123,Newbie
1992,KIRA_p01,Newbie
1996,dare_to_do,Newbie
1997,Ahsanul_Anam_4632,Newbie
1999,iamrick,Newbie
2000,reddotcheese_13,Newbie
2009,a_AshishKr,Newbie
2011,vehla_banda,Newbie
2012,sushant4452,Newbie
2019,turing_machine_123,Newbie
2020,target-expert,Newbie
2023,xghost456,Newbie
2029,good_boy1,Newbie
2031,5S0S,Newbie
2032,tushar.shimo,Newbie
2033,vjudge21.,Newbie
2036,shoaibcodez,Newbie
2046,salabh_2k2,Newbie
2051,deepakanto,Newbie
2067,rb003,Newbie
2071,2020chb1044,Newbie
2076,Richard1211,Newbie
2088,noobcoder_20,Newbie
2094,Jericho_98,Newbie
2095,Dhruvit18,Newbie
2104,ahmedmiz,Newbie
2114,Priyanshu_0204,Newbie
2118,Electro_,Newbie
2122,uchiha_madaraa,Newbie
2123,varunkmr15,Newbie
2125,im_veer29,Newbie
2127,akshitking222,Newbie
2131,iamnimesh,Newbie
2147,adembhanuteja,Newbie
2154,LABOLABO,Newbie
2162,code1101,Newbie
2172,Tundru,Newbie
2181,rounakrajg401,Newbie
2184,gnique,Newbie
2189,sr71_blackbird,Newbie
2192,Manthan_Variya,Newbie
2194,anurudh_07,Newbie
2196,crazy_nerd2002,Newbie
2200,ramanujan123,Newbie
2209,blazedrop100,Newbie
2217,97wasim,Newbie
2221,devenk16,Newbie
2229,saranyanaharoy,Newbie
2230,parthib53,Newbie
2241,_bary_,Newbie
2243,Azimjonm2333,Newbie
2249,Black_Sun.,Newbie
2255,IAmFaisal,Newbie
2260,ladyBugs,Newbie
2268,pushyarag123456,Newbie
2273,I_love_Ana,Newbie
2274,MyDestinyMyrules,Newbie
2284,The__Curse,Newbie
2300,Codey_Bryant,Newbie
2309,ratna_abhinav,Newbie
2312,taswe,Newbie
2317,A-Ali-Ali,Newbie
2327,krishna.soni,Newbie
2330,AK479358,Newbie
2331,Lonefighter,Newbie
2344,shikamaru_pyara,Newbie
2345,Hinaata,Newbie
2356,ArcadioN,Newbie
2367,Horcrux_63,Newbie
5,XG0000,Candidate
6,eryue,Candidate
7,rainboy,Candidate
26,Xu_Hongxi,Candidate
28,wangzheng2008,Candidate
38,SpadeA261,Candidate
57,Shirost,Candidate
61,HaPpY1213,Candidate
69,Kanate,Candidate
86,gqf123,Candidate
95,katoli_4,Candidate
101,txl16211,Candidate
104,406,Candidate
110,HEltim7,Candidate
122,Exusiai_,Candidate
123,stggg,Candidate
124,Cyber,Candidate
137,yyf_0404,Candidate
140,ScarletS,Candidate
145,lycc,Candidate
166,Arsa,Candidate
180,tujunbo,Candidate
185,Kita,Candidate
191,2018ljw,Candidate
198,achvanov,Candidate
208,konb1,Candidate
210,tch1cherin,Candidate
211,Dd2dD2,Candidate
213,Iratis,Candidate
216,ahihi1234,Candidate
218,Evan_Liu,Candidate
219,syf2008,Candidate
226,Antimony,Candidate
228,skytyf,Candidate
229,KurashinaAsuka,Candidate
231,follow_diana_please,Candidate
232,ATM12345,Candidate
241,QAQ_QWQ,Candidate
256,Sweezy,Candidate
268,GALA,Candidate
269,Minhho2005,Candidate
277,manizare,Candidate
280,Thomas_Top,Candidate
287,YYYLLL2021,Candidate
288,_CbrX_,Candidate
293,kiranraj.kkb,Candidate
308,DanielChang,Candidate
319,DoNotMoZheng,Candidate
323,aha_xjs,Candidate
326,yyyyxh329,Candidate
328,amirhoseinfar1385,Candidate
329,lotusblume,Candidate
343,coconut99,Candidate
345,Charming,Candidate
351,AlperenT,Candidate
357,Senri_Akane0217,Candidate
363,great_fortune,Candidate
366,N.N_2004,Candidate
367,ezraft,Candidate
397,CHY-2025,Candidate
408,kiddingme12138,Candidate
413,Ckcyi,Candidate
414,yyyz04,Candidate
421,arpeggio,Candidate
440,gozssky,Candidate
444,Onolt_de,Candidate
453,uhtyzmaaa,Candidate
454,Followall,Candidate
459,18985012367,Candidate
461,mufti,Candidate
476,juliany2,Candidate
490,ash_98,Candidate
499,lbntxdy,Candidate
502,diamond_ladybug,Candidate
510,ParsaDox,Candidate
514,TimaDegt,Candidate
520,orangecalculator,Candidate
527,areke,Candidate
528,swift51385,Candidate
532,GreatJMore,Candidate
539,oval_m,Candidate
544,deutzia,Candidate
560,plevande,Candidate
566,zym417,Candidate
576,NewLul,Candidate
592,lunch_break,Candidate
594,LuckyRandom,Candidate
601,caijianhong,Candidate
606,DaNeK0201,Candidate
612,yangjl,Candidate
616,STOPTHEWAR,Candidate
618,_Rebellion,Candidate
620,SGColin,Candidate
622,CaroyalKnight,Candidate
631,Yugi.Hacker,Candidate
632,sv1shan,Candidate
657,dimss,Candidate
671,patou,Candidate
678,zxynothing,Candidate
686,The_Hallak,Candidate
699,jeff252,Candidate
714,akshitgarg09,Candidate
724,tick,Candidate
725,ieeqwq,Candidate
728,joww,Candidate
735,itz_archit,Candidate
736,MIKEFENG,Candidate
738,RedMind,Candidate
766,p3rfect,Candidate
769,snowy2002,Candidate
772,vansh_s,Candidate
774,xpov1LL,Candidate
779,jiangtaizhe001,Candidate
782,sqy,Candidate
788,EasonCookie197,Candidate
797,mwzqwq,Candidate
800,David713,Candidate
810,OccDreamer,Candidate
812,triveni,Candidate
826,Joler_,Candidate
828,uniecho1,Candidate
838,Bliznetc,Candidate
842,Igor_Parfenov,Candidate
847,Edlue,Candidate
858,nnv-nick,Candidate
860,DippleThree,Candidate
861,bvd,Candidate
874,__declspec,Candidate
877,shakhnoov,Candidate
880,samnever,Candidate
881,vgtcross,Candidate
893,yhzx233,Candidate
917,Doru,Candidate
921,SophieHatter,Candidate
931,cfk,Candidate
938,Kaling,Candidate
956,georgievskiy,Candidate
957,tostes,Candidate
962,Mahabhu,Candidate
966,Prakhar1998,Candidate
970,mknayam,Candidate
979,gauss148,Candidate
988,OTTFF,Candidate
992,IreneQueen,Candidate
1001,world_classic,Candidate
1010,ak-group,Candidate
1012,Jonas01234500,Candidate
1018,parsa-golestani,Candidate
1019,Tobo,Candidate
1023,Liuxizai,Candidate
1027,bachbeo2007,Candidate
1031,dittoo,Candidate
1043,Jeuti,Candidate
1044,lxyb,Candidate
1047,arvindr9,Candidate
1055,Semp,Candidate
1058,hypeboy,Candidate
1073,ultizet,Candidate
1075,gluchie,Candidate
1078,18o3,Candidate
1082,kova1,Candidate
1083,nmbb,Candidate
1084,perchuts,Candidate
1094,Prince_Kassad,Candidate
1099,Phantom_Performer,Candidate
1101,gen,Candidate
1119,AmirrzwM,Candidate
1126,Msstt,Candidate
1129,cjoa,Candidate
1136,profchi,Candidate
1140,minstdfx,Candidate
1144,enzopsm,Candidate
1149,Julek,Candidate
1155,ParsaAp,Candidate
1162,AdiAnand,Candidate
1174,Riladavin,Candidate
1184,ozy1220,Candidate
1187,Ivan_len,Candidate
1188,RegenFallen,Candidate
1190,FattyLovesMangoes,Candidate
1200,nicku123,Candidate
1207,shdut0901,Candidate
1209,DilshodbekX,Candidate
1210,silxi,Candidate
1213,Scalm,Candidate
1222,Gh0stF0xG0ddess,Candidate
1224,MISM06,Candidate
1230,JustNik77,Candidate
1242,kwoncycle,Candidate
1248,Igorjan94,Candidate
1256,CDuongg,Candidate
1261,Phantom_Deluxe,Candidate
1264,YocyCraft,Candidate
1273,tamthegod,Candidate
1279,nifeshe,Candidate
1289,piyush_pransukhka,Candidate
1290,spongebobsquareroot,Candidate
1298,M998244353,Candidate
1303,kalehaunter,Candidate
1326,Sinocchi,Candidate
1327,Ethan_xu,Candidate
1328,log2win,Candidate
1331,alex.kudryashov,Candidate
1336,huikang,Candidate
1341,Whereismybrain,Candidate
1343,lquo,Candidate
1345,MridulAhi,Candidate
1346,theartofwar,Candidate
1348,FelixDzerzhinsky,Candidate
1351,drdilyor,Candidate
1361,i.am.pratik,Candidate
1362,aniket_kundu,Candidate
1364,milind0110,Candidate
1372,YouStill_DontKnowMeYet,Candidate
1377,Hemose,Candidate
1381,Valera_Grinenko,Candidate
1387,zken7,Candidate
1395,omega_alpha,Candidate
1405,siddharthMishra,Candidate
1407,Suda,Candidate
1424,SUN.LOVE,Candidate
1433,tyagsa,Candidate
1438,aditya_sheth,Candidate
1439,Ankit_332,Candidate
1440,Ankit_132,Candidate
1448,Lokeo,Candidate
1465,Blitztage,Candidate
1475,harsh__h,Candidate
1486,ikrpprppp,Candidate
1488,1_2_3_4_5_9,Candidate
1493,EMBailey,Candidate
1495,Ujjwalkool,Candidate
1501,GoldIngot,Candidate
1504,east1016,Candidate
1520,anishde85,Candidate
1530,Carpenters_Cat,Candidate
1548,khangai12,Candidate
1550,yfuka86,Candidate
1584,WAtoAC2001,Candidate
1593,OG_Matveychick1,Candidate
1610,mailo102,Candidate
1618,MohammadParsaElahimanesh,Candidate
1683,altik_nik,Candidate
1707,1564269628,Candidate
1709,Gaurav_Dawra,Candidate
1790,two___wrist,Candidate
1814,practiceCpp,Candidate
1831,HaccerKat,Candidate
1927,Mikasa_Akkerman,Candidate
1971,road_police,Candidate
1977,Wizard_of_Orz,Candidate
2017,hell_hacker,Candidate
2106,PEKKA_l,Candidate
2111,Hank2019,Candidate
2129,insert_cool_handle,Candidate
2157,tokitsukaze,Candidate
2161,subhadip8617,Candidate
2168,preet_25,Candidate
2170,P11011,Candidate
2225,Anurag203,Candidate
2227,Alt_of_a_CM,Candidate
2340,ExplodingKonjac,Candidate
2341,Krzychuo,Candidate
2378,TAIYANGFENG,Candidate
2434,Rishabhv333,Candidate
2549,popo,Candidate
2559,-Complex-,Candidate
2583,LYYYLYY,Candidate
2610,USYDLDH,Candidate
2626,Wandoka,Candidate
2632,Hexagons,Candidate
2696,Superposition,Candidate
2771,AngrySadEight,Candidate
2774,khal_nayak,Candidate
2843,Giga_Cronos,Candidate
2901,milkcoffeen,Candidate
2921,rs258,Candidate
2922,t0mmyn,Candidate
2962,NK4201,Candidate
3046,Dawnshard,Candidate
3087,Evang,Candidate
3145,Omja,Candidate
3146,HappyIvan,Candidate
3194,pd_codes,Candidate
3237,qualdoom,Candidate
3265,TimeWarp101,Candidate
3299,antguz,Candidate
3346,makrav,Candidate
3405,VasyaMer,Candidate
3419,Dopahkiin,Candidate
3432,prasant21,Candidate
3446,hkwu6013,Candidate
3465,yeeeet,Candidate
3520,mandinga,Candidate
3532,Arnob,Candidate
3545,mexomerf,Candidate
3563,Sokol080808,Candidate
3595,gohan123,Candidate
3635,Black_Be4rD,Candidate
3640,MaxRatingMinRank,Candidate
8,AI_COre,Master
17,XZC__Bobby,Master
21,Hanghang007,Master
30,aymanriadsolh,Master
33,erkam,Master
36,zwh2008,Master
39,TwoJie,Master
49,vvyixel,Master
50,NRolly,Master
60,Ana_naS,Master
65,zyl19416,Master
67,1213James,Master
73,DongXuelian,Master
78,_Diu_,Master
87,KING_OF_TURTLE,Master
90,tarjen,Master
96,i8d,Master
97,I_LOVE_DASHA_KARPENKO,Master
102,Dawnq,Master
107,sgc_KrySF,Master
111,Madboly,Master
133,opportunityfan,Master
134,Gurban,Master
138,Soetdit,Master
142,nhho,Master
146,WH6BNNS,Master
147,Graygoo_401,Master
150,piaoyun,Master
151,_Guoyh_,Master
154,zjq123,Master
158,psc233,Master
159,titia,Master
170,Bohun,Master
173,zrz-0520,Master
174,__jk__,Master
176,ACopt,Master
177,StarSilk,Master
187,fried-chicken,Master
192,forever_lose,Master
195,DitaMirika,Master
200,963noah,Master
201,YeXiaoRain,Master
206,rsy,Master
212,WCG,Master
225,ajpiano,Master
230,jurao,Master
233,1459007298,Master
238,jjaworska,Master
239,limanjun,Master
243,Natsuzora,Master
244,jucason_xu,Master
246,Icedpiggy,Master
247,stOzenghaoweiOrz,Master
252,jrscy,Master
253,chenyewei_1234,Master
262,niconiconii,Master
267,czhang2718,Master
270,HuaJun,Master
283,AlexanderL,Master
285,foammm,Master
286,shaosy,Master
292,sum,Master
294,JavierN,Master
298,Randias,Master
303,Haa,Master
306,dyppp,Master
316,dranjohn,Master
320,_Purslane_,Master
327,Colorless,Master
338,michao,Master
341,AlanSkarica,Master
342,Raiden,Master
348,yuanhaowei,Master
352,ivandasfs,Master
353,YukinoshitaYukino,Master
358,lukameladze1,Master
361,MironRaisa,Master
372,djs100201,Master
374,LLL_2820,Master
376,ducati,Master
378,Bruteforceman,Master
380,Nisanth,Master
383,WhiteSeele,Master
384,Thallium54,Master
394,steven14414,Master
396,Setsuna,Master
398,heyujun,Master
417,swift-zym,Master
422,edsa,Master
424,ymjer,Master
435,cmk666,Master
439,suckmyballs,Master
447,NOIp2022Lost75pts,Master
448,Misono_Mika,Master
449,BlackAnt,Master
450,TrivialMan,Master
452,b8Ll,Master
460,Kieray,Master
466,mao_zx,Master
483,CJ-zhuyifan,Master
487,WHC-MIK-7521X,Master
492,ComPhyPark,Master
493,qjatn0120,Master
507,Cocoly1990,Master
508,CoachDanke,Master
512,Weobe,Master
515,TimDee,Master
516,Amel,Master
538,XeQuadF,Master
549,Leonard,Master
555,Rafi02,Master
558,Alexdat2000,Master
559,Darren0724,Master
562,idontwannawin,Master
563,achi_basadzishvili,Master
564,Mr_Solution,Master
573,realcomplex,Master
583,xiaoziyao,Master
590,Psychotic_D,Master
595,Anchoryl,Master
602,HugeWide,Master
607,300_are_queue,Master
608,zsyzsy,Master
611,slah007,Master
615,misorin,Master
624,Alfeh,Master
626,MetalPower,Master
638,Amanda_LWA,Master
641,hotboy2703,Master
642,xpchf,Master
646,fatemetmhr,Master
649,ooaa,Master
650,jason_sun,Master
652,Riblji_Keksic,Master
665,andreystefanov,Master
672,KaphI,Master
673,unordered_map,Master
682,walk_alone,Master
684,KingOfDiamonds,Master
685,dbsic211,Master
690,Lucina,Master
702,nishkarsh,Master
704,fishy15,Master
705,colazcy,Master
711,MagicNiu,Master
712,jhdonghj112,Master
713,magnus.hegdahl,Master
716,ghj1222,Master
719,wildfire032,Master
722,kIee,Master
737,Maruzensky,Master
741,CodigoL,Master
750,PlasmaVortex,Master
757,omeganot,Master
760,Hodobox,Master
773,h_squared,Master
780,greencis,Master
785,eunlin,Master
786,magga,Master
790,LeDiable,Master
802,Geobiyye,Master
803,GoogleBot,Master
807,amunduzbaev,Master
815,lsantire,Master
834,Larry1010,Master
835,Any_two,Master
839,Theo830,Master
850,DimonKrutoi,Master
855,DeMen100ns,Master
856,DanielW48,Master
866,OccDreamer_,Master
868,daniel14311531,Master
876,pineapple_tree_34,Master
878,enslaved,Master
879,sorry_thebighead,Master
883,forest,Master
887,aaronkim00,Master
892,vanwij,Master
899,propane,Master
904,Mohammad_Yasser,Master
907,K-423,Master
918,Cxny,Master
919,Iftekhar_Hakim_K,Master
920,magnified,Master
927,Boboge,Master
935,Irmuun.Ch,Master
936,-_-Adi_jr-_-,Master
939,popescuadrian,Master
941,lmlmlm,Master
946,cage,Master
950,panyaoyu1999,Master
953,Mitsushima_Hikari,Master
964,Nijika,Master
965,stefansav,Master
971,green_gold_dog,Master
972,minmise,Master
973,lddlinan,Master
974,.I.,Master
978,loK10,Master
985,Badint,Master
10,NoPotato,Grandmaster
16,fireskydd,Grandmaster
29,toam,Grandmaster
31,chenkuowen,Grandmaster
59,MateoCV,Grandmaster
63,suyiheng,Grandmaster
76,Ra16bit,Grandmaster
82,IOMO,Grandmaster
91,cyh_toby,Grandmaster
98,flashmt,Grandmaster
113,Ethan_Rao,Grandmaster
120,L7-56,Grandmaster
127,superguymj,Grandmaster
149,wyzwyz,Grandmaster
217,Adam_GS,Grandmaster
220,tatavayapmabulldogvd,Grandmaster
265,Nextby,Grandmaster
274,Bolshevik,Grandmaster
276,bthero,Grandmaster
282,chen_zexing,Grandmaster
299,physics0523,Grandmaster
300,variance,Grandmaster
312,SPD_9X2,Grandmaster
325,sunzh,Grandmaster
331,-is-this-fft-,Grandmaster
332,fallleaves07,Grandmaster
335,BeyondHeaven,Grandmaster
340,Mr.Robot_28,Grandmaster
382,Kude,Grandmaster
423,risujiroh,Grandmaster
429,w0nsh,Grandmaster
431,zidder,Grandmaster
464,windva,Grandmaster
469,alvingogo,Grandmaster
474,LeoPro,Grandmaster
475,Bench0310,Grandmaster
477,Marckess,Grandmaster
495,ikaurov,Grandmaster
501,brunovsky,Grandmaster
509,triple__a,Grandmaster
518,feecle6418,Grandmaster
519,qiuzx,Grandmaster
523,OtoriEmu,Grandmaster
537,yaoxi,Grandmaster
557,Lightnessqwq,Grandmaster
565,VladProg,Grandmaster
570,briansu,Grandmaster
571,Dalembert,Grandmaster
578,18Michael,Grandmaster
582,kevinyang,Grandmaster
585,Tlatoani,Grandmaster
609,feeder1,Grandmaster
614,Markadiusz,Grandmaster
623,catupper,Grandmaster
651,Ecrade_,Grandmaster
660,HollwoQ_Pelw,Grandmaster
662,kshitij_sodani,Grandmaster
667,prvocislo,Grandmaster
681,kizen,Grandmaster
696,natofp,Grandmaster
706,YeongTree,Grandmaster
718,KevinWan,Grandmaster
734,JeanBombeur,Grandmaster
743,huangzirui,Grandmaster
744,Hyperbolic,Grandmaster
754,Temotoloraia,Grandmaster
771,wygzgyw,Grandmaster
827,tfg,Grandmaster
837,gzchenben,Grandmaster
845,Sorting,Grandmaster
846,Zesty_Fox,Grandmaster
873,yarik_mutltiacc,Grandmaster
911,emthrm,Grandmaster
912,LXH-cat,Grandmaster
925,PurpleCrayon,Grandmaster
929,Tutis,Grandmaster
932,khuepr123,Grandmaster
960,jinmingli,Grandmaster
980,chenyanbo,Grandmaster
990,kevinxiehk,Grandmaster
1020,Siberian,Grandmaster
1037,Andreasyan,Grandmaster
1039,zqyyy,Grandmaster
1049,Numbering,Grandmaster
1087,Xellos,Grandmaster
1100,Akulyat,Grandmaster
1104,frokaikan,Grandmaster
1108,JovanB,Grandmaster
1111,kcudcigam,Grandmaster
1181,JoesSR,Grandmaster
1206,6aren,Grandmaster
1229,ytkn,Grandmaster
1231,anpoli99,Grandmaster
1234,InternetPerson10,Grandmaster
1237,yogahmad77,Grandmaster
1254,KroosTheKeenGlint,Grandmaster
1255,Arraiter,Grandmaster
1269,TeaPot,Grandmaster
1282,fengzhengwei,Grandmaster
1304,antony191,Grandmaster
14,happycrazzy,Pupil
15,phineas__0709,Pupil
25,_dark_sky_2OO3,Pupil
34,#NAME?,Pupil
45,YangZJ_,Pupil
79,one_more_night,Pupil
99,Chtholly_Nephren,Pupil
108,bao_zi7,Pupil
121,Gaode_Sean,Pupil
190,mihai.alpha,Pupil
224,cxxym,Pupil
310,sachdev,Pupil
354,wuxikui,Pupil
390,HHY_zZhu,Pupil
404,Manish_28,Pupil
426,YeYeYe,Pupil
522,AnonymousGuy12,Pupil
525,sanbi52,Pupil
581,Siddharth2EEE,Pupil
635,locsey,Pupil
637,0821010560HaiND,Pupil
666,rahul_iit_code,Pupil
694,Ramaman_22,Pupil
720,xinying1,Pupil
742,wfycsw,Pupil
776,dywszz,Pupil
853,wowo123123,Pupil
900,Yanz,Pupil
976,lemoncn167,Pupil
1080,ytdnf,Pupil
1092,jerwu,Pupil
1133,devansh789,Pupil
1157,Angue,Pupil
1170,Megatron66_,Pupil
1180,TnMurder,Pupil
1192,GoodFella,Pupil
1197,ProphetX,Pupil
1217,pumpanddump,Pupil
1262,InariInDream,Pupil
1349,vishal_781,Pupil
1358,_bverma512,Pupil
1416,Euphoria_07,Pupil
1419,this.is.shivamsingh,Pupil
1429,GauravBilotia,Pupil
1477,wanyurukong,Pupil
1514,nabil_salah,Pupil
1521,June_24,Pupil
1524,gargmayank0505,Pupil
1528,kukuricnachrumka,Pupil
1531,Destructor_1091,Pupil
1532,slimeybutter,Pupil
1533,baguette_,Pupil
1534,KeiTsukishima,Pupil
1535,swarup_312,Pupil
1537,gy2507,Pupil
1539,abmorpheus,Pupil
1546,rahulhind,Pupil
1547,dr-ghost,Pupil
1554,_timelimit_exceed_,Pupil
1558,Pratik_9284,Pupil
1561,vivekx7,Pupil
1564,Vegeks,Pupil
1569,Suryanshjaiswal,Pupil
1572,introvert_coder1,Pupil
1576,Rajat.18,Pupil
1581,duhless,Pupil
1585,ruban,Pupil
1588,rajeshpenugonda,Pupil
1591,bhaskar_op,Pupil
1592,adityasah09,Pupil
1595,Awab,Pupil
1601,Koka,Pupil
1603,nnnnnnp770,Pupil
1616,Yash_Nandwana,Pupil
1617,Abuzied_Y,Pupil
1619,bipro_coder100,Pupil
1623,subhadeep2910,Pupil
1624,NexAvi,Pupil
1625,vikashrock45,Pupil
1632,Afsanay,Pupil
1633,shrohit_007,Pupil
1636,Jackyjuman,Pupil
1640,SrvstvRajat,Pupil
1644,vijender_8601,Pupil
1647,Emperor_Nazer,Pupil
1651,aus123,Pupil
1657,u_dont_know_me_do_u,Pupil
1665,won_piece,Pupil
1666,AN0NYMOUS_,Pupil
1671,Steven-_-AbuAlkhair,Pupil
1680,DiabloNemesis,Pupil
1682,sparta_pantheon,Pupil
1684,Tardimgg,Pupil
1685,jain40470,Pupil
1686,flakes24,Pupil
1692,LoudSilence,Pupil
1694,asta_123,Pupil
1695,Yussef_Khaled,Pupil
1697,NeelPatel.,Pupil
1698,Ankitsks,Pupil
1701,dosiawo,Pupil
1702,I_See_PC,Pupil
1712,valak_70,Pupil
1715,kkz666,Pupil
1730,Demoralizer_47,Pupil
1736,zach_09,Pupil
1738,ETHANHUNTMI5,Pupil
1743,iam_a.r.t,Pupil
1751,Pratik9686,Pupil
1752,Two_Faced_11,Pupil
1753,NanuG,Pupil
1754,ash_79,Pupil
1756,amansahore09,Pupil
1757,MickeyIsAwesome,Pupil
1760,ksandr1v,Pupil
1763,gautamjain09,Pupil
1764,blackThread,Pupil
1766,uttharapally_chandra,Pupil
1779,akashghadge,Pupil
1787,Neeraj_jm,Pupil
1791,sergiongp123,Pupil
1794,rahul_81,Pupil
1795,Utkarsh_09,Pupil
1801,__tony_stark_,Pupil
1804,formidablechief_27,Pupil
1812,panic,Pupil
1815,Sahil_Gore,Pupil
1818,Dr_AddictStein,Pupil
1822,Me_hab_skill_issue,Pupil
1823,sid234890,Pupil
1826,saksham.gulati2011,Pupil
1834,JTriv9714,Pupil
1837,Anj_Raj,Pupil
1842,RahulAhuja2901,Pupil
1843,lazymystic,Pupil
1844,The_first_in_the_world,Pupil
1845,ThirdFyre,Pupil
1860,rahulsoni0,Pupil
1864,sk.dubey,Pupil
1868,rachitag246,Pupil
1871,CodingGeek0803,Pupil
1890,ayushraghuwanshi22,Pupil
1893,Bjorn__Ironside,Pupil
1897,Ceya-Tar,Pupil
1900,abhishek47146,Pupil
1905,this_dp,Pupil
1907,reys,Pupil
1908,Up_again,Pupil
1909,dibyanshu47,Pupil
1910,g_square,Pupil
1912,Harshil_.bambhroliya,Pupil
1913,Aadey_Shah,Pupil
1914,gaurav_22,Pupil
1919,Meharaj_mithu,Pupil
1922,__kra__,Pupil
1924,2020csb1109,Pupil
1926,DrNykterstein_2,Pupil
1928,Khalouda,Pupil
1932,vivekarora,Pupil
1933,SAHAL01,Pupil
1940,I_mm_possible,Pupil
1941,PKV_20,Pupil
1942,shaunak_10,Pupil
1943,KafkaTamura,Pupil
1944,Ganesha_,Pupil
1945,ayush_n,Pupil
1947,YashGadia36,Pupil
1948,No_Coast,Pupil
1949,i_love_rao_khushboo,Pupil
1950,BoosterImpulse,Pupil
1954,binary_monk,Pupil
1959,Vrutik_2809,Pupil
1962,MohammadDallash,Pupil
1968,PANIC_,Pupil
1972,drcxd6602,Pupil
1973,ashu_2001,Pupil
1975,chakradhar94,Pupil
1982,ayush7_20,Pupil
1987,NODE_SM,Pupil
1988,vishrut_42,Pupil
1993,HMETAO,Pupil
2001,dirty_fingers,Pupil
2003,negativeDelta,Pupil
2006,abdelrahman_wael1029,Pupil
2007,Hamroz_JONN,Pupil
2010,ok.surazz,Pupil
2013,ankitghanghas1072,Pupil
2014,Saurabh_jayaswal,Pupil
2016,Mohamed_Ahmed,Pupil
2022,Blackbeard99,Pupil
2025,KadenXu,Pupil
2037,RaoJordan,Pupil
2043,SAEED.,Pupil
2044,saurabhsingz,Pupil
2045,DIPANKAR-123,Pupil
2050,Kedi_chiz,Pupil
2053,kvp1703,Pupil
2058,divyansh956,Pupil
2059,Vixel,Pupil
2062,Arpit0123,Pupil
2068,praveen11kr,Pupil
2069,Dpnshu,Pupil
2070,Abhi_sahu,Pupil
2074,harsh_29102,Pupil
2084,rashid_aziz,Pupil
2085,excalibur.gaming18,Pupil
2086,Aditya.Rai,Pupil
2089,hetanhnandre,Pupil
2090,aasimamisaa,Pupil
2092,ManasR_2003,Pupil
2093,Expog_2001,Pupil
2096,JohanXLiebert,Pupil
2101,tejasS-27,Pupil
2105,ahmed_saad99,Pupil
2109,bubble_,Pupil
2110,KanhaiyaGK,Pupil
2116,s-hash-exe,Pupil
2117,DraggerJd03,Pupil
2121,Mah1r,Pupil
2130,naman,Pupil
2134,tushar_1290,Pupil
2136,sanchit5449,Pupil
2145,HusainRampura,Pupil
2148,iRatherFear,Pupil
2150,mrkumarg,Pupil
2152,Graffolyon,Pupil
2159,codingBeast_oo7,Pupil
2165,_tridymite,Pupil
2166,tempIDStress,Pupil
2174,KeMoElWeNsH1,Pupil
2175,my_sun,Pupil
2178,ashwath462,Pupil
2182,strongcell,Pupil
2185,biprajitpaul5555,Pupil
2188,in_use2,Pupil
2190,priyanshubit2,Pupil
2197,sp_rock,Pupil
2201,Ashutosh.Singh,Pupil
2203,kylez77,Pupil
2204,_HOME_LANDER,Pupil
2208,Saiyam108,Pupil
2210,p_xyz_123,Pupil
2211,ashu410,Pupil
2223,deepak_iiitr,Pupil
2233,an1ket_62,Pupil
2234,algorhyythm,Pupil
2236,_best0p,Pupil
2237,why_I,Pupil
2251,M-o-b-a-r-a-k,Pupil
2252,manuj_688,Pupil
2256,hi2tamzid,Pupil
2257,naresh1407,Pupil
2259,TheGrayOne,Pupil
2262,Raj_Raghu,Pupil
2266,_Pain_Nagato,Pupil
2275,Anand.iitr,Pupil
2280,tgupta1729,Pupil
2288,Maxmilite,Pupil
2289,Israt_Jahan_R,Pupil
2292,ansh_321,Pupil
2296,shiv_bajpai,Pupil
2297,bilal02,Pupil
2298,bishworup11,Pupil
2303,maturiraghu,Pupil
2305,reimuB_Enjoyer,Pupil
2313,layirata97,Pupil
2314,Tkehsihba,Pupil
2315,rishabhprasanna,Pupil
2322,as_you_like_it,Pupil
2329,K0DEL,Pupil
2332,ayushkedia0511,Pupil
2334,prathamesh.pawar,Pupil
2336,Atul_soam,Pupil
2337,ma_tw,Pupil
2339,cant_decide,Pupil
2342,Ramez__,Pupil
2343,rinku11,Pupil
2346,Aditya0679,Pupil
2354,anurup123aryan,Pupil
2358,A7a,Pupil
2361,_Atharva,Pupil
2368,Tutul_dhar,Pupil
2371,TaawraaT,Pupil
2372,pdwivedi294,Pupil
2373,vicky_raj,Pupil
2383,soonCM,Pupil
2384,kaivalyamanit,Pupil
2392,stubborn_1,Pupil
2401,Nishant_45,Pupil
2404,vishu.ut,Pupil
2406,tou__rist,Pupil
2408,atarii,Pupil
2409,chirag4520_fan,Pupil
2410,satyam_tyagi,Pupil
2411,k3x9_,Pupil
2412,IssamOtoz,Pupil
2413,ankish2000nayak,Pupil
2414,Aryan_Misra_2109,Pupil
2415,ahmedtawfik,Pupil
2419,zrjtcf,Pupil
20,imle,International
27,Pyqe,International
37,-skyline-,International
47,Kubic,International
68,Flamire,International
70,ai_dev_master,International
94,BARBARIANNNNN,International
103,Iztrx,International
105,Kilo_5723,International
117,A-SOUL_Bella,International
132,dlalswp25,International
152,fr200110217102,International
155,__sleep,International
161,DataStructures,International
164,cabbit,International
172,El3ageed_Abu_Shehab,International
178,becaido,International
199,Roundgod,International
235,xianboyu,International
249,peiwenjun,International
257,Gassa,International
264,Anachor,International
271,LuCpp,International
273,bashkort,International
275,fsy_jiaxun_when,International
278,mango_lassi,International
296,-14,International
304,TheLostCookie,International
307,minhcool,International
314,Golovanov399,International
317,kotatsugame,International
318,zemen,International
346,ttklwxx,International
355,ParsaS,International
356,AcFunction,International
377,Chenyu_Qiu,International
385,hypergraph_coloring,International
393,newbie_wrz,International
402,ainta,International
405,zihouzhong,International
410,K-H,International
412,allllekssssa,International
437,slenbol,International
442,oleh1421,International
443,icecuber,International
472,wsc2008qwq,International
473,spaceN,International
481,Noam527,International
485,Flandre,International
488,QwertyPi,International
494,lightseba,International
496,kmjp,International
500,Kevin114514,International
540,Kapt,International
543,glebustim,International
546,Jimanbanashi,International
550,PinkieRabbit,International
553,xzzduang,International
587,yixiuge777,International
597,Allvik06,International
598,JaeminPark,International
604,socpite,International
640,S2speed,International
647,Sol1,International
669,alexxela12345,International
674,szb,International
676,Daniel777,International
687,ivan100sic,International
700,hank55663,International
709,A_G,International
715,emorgan5289,International
732,alireza_kaviani,International
762,Tyyyyyy,International
764,yingluosanqian,International
784,dl720125,International
787,Brovko,International
792,nantf,International
798,blackbori,International
811,TsReaper,International
830,Noble_Mushtak,International
831,tabr,International
832,flowerletter,International
840,jdurie,International
843,zhangguangxuan99,International
857,SomethingNew,International
864,xuanxuan002,International
870,Puranya_,International
882,natsugiri,International
894,VLamarca,International
896,liympanda,International
903,spacewalker,International
908,Toxel,International
909,dognotlike,International
910,AlternatingCurrent,International
944,gmusya,International
951,xcyle,International
954,H8_8Q,International
961,Nero,International
968,Vercingetorix,International
977,Endagorion,International
40,inaFSTream,Legendary
93,ugly2333,Legendary
106,ksun48,Legendary
114,ecnerwala,Legendary
205,ko_osaga,Legendary
334,tourist,Legendary
386,orzdevinwang,Legendary
401,SSRS_,Legendary
416,353cerega,Legendary
629,WYZFL,Legendary
897,Rebelz,Legendary
902,Elegia,Legendary
914,244mhq,Legendary
924,Merkurev,Legendary
955,Um_nik,Legendary
1052,Ormlis,Legendary
1088,jiangly,Legendary
1183,hos.lyric,Legendary
1189,Radewoosh,Legendary
1232,duality,Legendary
1391,QAQAutoMaton,Legendary
1451,heno239,Legendary
1455,maroonrk,Legendary
1466,antontrygubO_o,Legendary
1656,arvindf232,Legendary
4429,Heltion,Legendary
8135,gyh20,Legendary
71,kaiboy,Specialist
126,plekkpea,Specialist
129,dmenezes,Specialist
131,Sing,Specialist
141,xph_4n,Specialist
148,harshal_02,Specialist
153,unbengable,Specialist
168,Xorx7,Specialist
171,sinianqwq,Specialist
202,empty_y,Specialist
227,ulads,Specialist
272,mykhail0,Specialist
313,Yra,Specialist
315,lllllyy,Specialist
324,log2_XD,Specialist
350,66H6,Specialist
364,CodingKnight,Specialist
387,uaena_mao,Specialist
392,stop,Specialist
411,Newbie_QQH,Specialist
468,sahaj_vijay666,Specialist
479,improvealittle,Specialist
480,silky,Specialist
489,user9026b,Specialist
526,code_with_baby,Specialist
529,hyh123most,Specialist
547,Smallbasic,Specialist
575,DenisKarpenko,Specialist
599,prakhar7472pk,Specialist
603,Spider,Specialist
644,AvavaAvaOvO,Specialist
645,Eason9002,Specialist
663,DereFer,Specialist
675,parametername,Specialist
677,TreeQwQ,Specialist
695,jiangnan123,Specialist
729,munmud,Specialist
739,Jieneng,Specialist
755,lcglcg,Specialist
763,cup_of_coffee,Specialist
765,fyh20,Specialist
781,IanISam,Specialist
789,wfycsw0,Specialist
791,GTR.3910,Specialist
805,ComistryMo,Specialist
852,WildWeasel,Specialist
867,shehebe,Specialist
871,barthwal,Specialist
888,xhchen,Specialist
898,1021493854,Specialist
905,pillars_of_creation,Specialist
934,Sarthak3204,Specialist
937,itti_da,Specialist
949,_mjj,Specialist
952,tushark,Specialist
963,zcghehe,Specialist
969,sterlinkuru,Specialist
981,Nxxlt,Specialist
986,qry1317,Specialist
1003,ztlh,Specialist
1034,kunal_rai,Specialist
1042,fnjke,Specialist
1045,worker_,Specialist
1074,honakakaka,Specialist
1110,samudra_mitra,Specialist
1121,GreatLiangpi,Specialist
1141,sloppy_coder,Specialist
1150,PanC_ake,Specialist
1151,sparrow_14,Specialist
1171,starplatinumzawarudo,Specialist
1179,Yath,Specialist
1201,modwwe,Specialist
1215,evresed,Specialist
1235,jianguolingyun1024,Specialist
1267,Lin_,Specialist
1274,stoober,Specialist
1277,Epilogue,Specialist
1284,Levi_seventy,Specialist
1299,InDI2k,Specialist
1312,vrishavgarg28,Specialist
1313,yashshet,Specialist
1396,NishantS,Specialist
1402,jatinxkirito,Specialist
1404,snavneet561,Specialist
1418,margothequeen,Specialist
1480,PiyushKumar_it_is,Specialist
1481,Kumarfeldspar,Specialist
1487,MrOnline,Specialist
1494,raghavmangla04,Specialist
1503,mishra_512,Specialist
1505,vidwansAD,Specialist
1508,avnyu,Specialist
1513,imAniksahA,Specialist
1515,Eslam_Ahmed,Specialist
1516,AlrgolElanaaaaap,Specialist
1526,Knightshade,Specialist
1527,braman,Specialist
1529,Atharva_Arya,Specialist
1536,utku_1234,Specialist
1538,25mayank,Specialist
1542,LQWqwq,Specialist
1544,darkmis4103,Specialist
1545,not_just_rr,Specialist
1549,homebrew,Specialist
1551,Shubham_0605,Specialist
1556,Espoirer,Specialist
1557,Ayu_19,Specialist
1560,NewbiePupil,Specialist
1562,sachinjaiswal,Specialist
1571,Appandey788,Specialist
1574,mangoDD,Specialist
1582,WORTH,Specialist
1586,amanpatel23,Specialist
1587,dumbestcoder,Specialist
1596,ekeshwarj5,Specialist
1597,p-a-t,Specialist
1602,sanskarn17,Specialist
1606,OnlyAloner,Specialist
1609,_Aryan_,Specialist
1614,YatinUtreja,Specialist
1615,code_genier,Specialist
1620,EmergentProperties,Specialist
1627,Sangamer,Specialist
1628,Pious,Specialist
1634,ritikjainrj18,Specialist
1635,prabalpsingh7115,Specialist
1639,legit_123,Specialist
1645,Raj_Aditya,Specialist
1664,JerryBlack_ZJNU,Specialist
1669,kelvin_0179,Specialist
1670,Pratham_Belwal,Specialist
1672,nishu2002,Specialist
1674,Shubham__mishra,Specialist
1681,13_Riishiii_10,Specialist
1687,itadori_yuji,Specialist
1688,Zeeshan098,Specialist
1689,shn271,Specialist
1691,helios_,Specialist
1699,Nafis_Ahmed_174,Specialist
1703,logarythm,Specialist
1706,anuj_negi,Specialist
1708,Harshjain4001,Specialist
1710,amaannn,Specialist
1713,drexdelta1,Specialist
1714,kevskillz,Specialist
1716,Shawerma,Specialist
1719,gopikrishna000,Specialist
1722,abhilash__360,Specialist
1724,Awakeandfalling,Specialist
1726,cubegenics,Specialist
1740,hollisleunghoning,Specialist
1741,asily,Specialist
1748,root013,Specialist
1750,Pratik8696,Specialist
1755,M-Manas-s,Specialist
1758,combinatorialist,Specialist
1759,kritikmodi,Specialist
1761,Rohancoder,Specialist
1767,bleach__,Specialist
1768,Venkatesh2112001,Specialist
1771,div4only,Specialist
1774,s_abhishek,Specialist
1775,Protochy,Specialist
1778,puriabhijit000,Specialist
1781,Kapitar,Specialist
1783,utkarsh.rai,Specialist
1785,NishuSharma,Specialist
1789,Ayanokoji7,Specialist
1792,__Chirag__,Specialist
1798,dheeraj,Specialist
1800,kasiru_69,Specialist
1803,ASM_ATIKUR,Specialist
1805,KAUSTUBH152003,Specialist
1806,poms647,Specialist
1808,Stupid_Piece,Specialist
1809,dogranmol,Specialist
1810,Raowl,Specialist
1816,dzhi,Specialist
1817,coderdhanraj,Specialist
1819,Shri_874,Specialist
1824,emrulhasan,Specialist
1829,Numinous,Specialist
1830,lixinying,Specialist
1839,planq,Specialist
1841,md_imran_hosen19,Specialist
1853,_Shivom_,Specialist
1854,ambreshksaini,Specialist
1856,lpychemistry,Specialist
1859,Nightmare_luffy,Specialist
1863,persevere_07,Specialist
1865,vvvinit,Specialist
1866,Electrophile_ar,Specialist
1867,Agent_proton,Specialist
1870,SamyakSinghania,Specialist
1873,Heisenbeg,Specialist
1875,Sovi_11,Specialist
1876,abhi.ch891,Specialist
1881,ashish_2409,Specialist
1884,ujjwalmittal221,Specialist
1886,admiralpunk111,Specialist
1892,Manish_7392,Specialist
1894,wat2,Specialist
1895,tong96,Specialist
1898,llc5pg,Specialist
1899,nisarg_a19,Specialist
1901,ac121102,Specialist
1902,vickyguptaa7,Specialist
1903,unknownnnn001,Specialist
1904,MoSooN,Specialist
1906,Prathamesh_17,Specialist
1915,anuragjana4,Specialist
1920,TusharDtu,Specialist
1923,NadmanKhan,Specialist
1925,Triump_0112,Specialist
1935,eddysahu31,Specialist
1946,satyam_ch,Specialist
1952,dkjha20,Specialist
1960,sandesh_04_06,Specialist
1961,bhils,Specialist
1963,Joydeep8822154667,Specialist
1967,Jai_mahakal_05,Specialist
1974,himanshu81023,Specialist
1980,anuraagshankar,Specialist
1981,Fuadul,Specialist
1983,avatsavirsa,Specialist
1985,Alphx,Specialist
1989,ForcaBarcelona,Specialist
1991,jalwaniya,Specialist
2005,coVDer,Specialist
2008,priyanshu.p,Specialist
2018,kyarakhubhai,Specialist
2021,rohitsatpute480,Specialist
2026,Gaurav1,Specialist
2030,SlipperyCoupoid08,Specialist
2039,bhavyakawatra,Specialist
2049,Glydon,Specialist
2055,mukulrawat_03,Specialist
2073,khnhcodingkarlo,Specialist
2075,I.can.Do.It,Specialist
2077,FkingPeakyBlinder,Specialist
2078,dream7,Specialist
2082,leoncn,Specialist
2087,divyanshu_20,Specialist
2091,utkarsh_tyagi,Specialist
2097,iDevang25,Specialist
2098,surbhi_07,Specialist
2100,Harsh_Xerus,Specialist
2102,yash246,Specialist
2103,DebugMe,Specialist
2107,ibimschecker,Specialist
2108,Anushk_777,Specialist
2112,dj.codes,Specialist
2124,sahilx07,Specialist
2133,nikhil_yd02,Specialist
2137,NoTH1nG,Specialist
2139,AayuGupt,Specialist
2141,_n00b_,Specialist
2143,psn2706,Specialist
2144,..0_0..,Specialist
2146,prem2001,Specialist
2151,Mihir_Aswal,Specialist
2156,Praful_19,Specialist
2164,Shubham10111,Specialist
2171,u1904123,Specialist
2179,rkb_rd,Specialist
2180,kk_singh,Specialist
2183,lovedeep0022,Specialist
2186,gourav_sv,Specialist
2199,L_Wave,Specialist
2206,srishtik_16,Specialist
2213,__sourav__the__dogesh__,Specialist
2214,ashutoshgupta.iitbhu,Specialist
2216,kavorka,Specialist
2222,misir,Specialist
2224,programmer765,Specialist
2232,demadog,Specialist
2235,Ritik_Singh30,Specialist
2238,Vishwajeet,Specialist
2240,limbutimbu,Specialist
2242,Champion_PATEL,Specialist
2244,Hari03,Specialist
2245,RUPTURED_KnaPSacK,Specialist
2247,Makwy1424,Specialist
2250,hkbhd,Specialist
2254,harshit_20,Specialist
2258,akm07,Specialist
2261,singh24vishal,Specialist
2263,akshat_017,Specialist
2276,sandeep580,Specialist
2277,rho01,Specialist
2281,vijay337,Specialist
2285,MeetAmin,Specialist
2286,prakarshgarg,Specialist
2287,re4lvansh,Specialist
2299,zeronosu77108_,Specialist
2304,deepkasana,Specialist
2306,dysnomia,Specialist
2307,meetsavla2468,Specialist
2308,__Say_My_Name__,Specialist
2310,krtk_007,Specialist
2311,Shiro.Yaksha,Specialist
2319,cocomos,Specialist
2321,A__S,Specialist
2323,titan23,Specialist
2328,pradeepkumar_07,Specialist
2333,abhijeet_khangarot,Specialist
2347,RHEXAOC,Specialist
2349,chirag4520,Specialist
2350,SeriousHY,Specialist
2357,Wizards,Specialist
2359,Lakshit040,Specialist
2360,mhgishere,Specialist
2369,ustadji,Specialist
2377,codemachine_47,Specialist
2382,anj20,Specialist
2387,vkukretiwork,Specialist
2389,kartik_garg163,Specialist
2393,danielsudz,Specialist
2397,mohithmvs,Specialist
2399,KingMace,Specialist
2400,NotRequired,Specialist
2402,__Shinigami__,Specialist
2403,loukik.naik,Specialist
2416,vasu_073,Specialist
2417,sinbad,Specialist
2422,eee,Specialist
2423,Harshil4442,Specialist
2430,ItsEZ,Specialist
2433,modernbeast02,Specialist
2436,Remilia1023,Specialist
2443,__277LB3__,Specialist
2444,Mourya07,Specialist
2460,coreiRISx,Specialist
2461,alchemist_5,Specialist
2464,_paras_,Specialist
2471,Pranay_,Specialist
2475,Zealotrahl,Specialist
2477,divakar_p_s,Specialist
2478,DanielRicciardo3,Specialist
2484,Nipun_Jugran,Specialist
2485,thunderboltVII,Specialist
2491,anuj1160,Specialist
2494,anuj_pandey0,Specialist
2497,Mayank_Pushpjeet,Specialist
2499,sumitkv31,Specialist
2504,CyberDog,Specialist
2505,Akeshibh,Specialist
2511,narottam.viswas,Specialist
2520,Divy98,Specialist
2521,lemon_lemon,Specialist
2522,_priyanshu_,Specialist
2526,harpreet1237,Specialist
2530,amaan0016,Specialist
2535,AbdoGad,Specialist
2541,mudit999,Specialist
2547,Khaaman,Specialist
2548,trivialguy,Specialist
2552,mukesh_v12,Specialist
2556,Vaid23,Specialist
2562,jenifer_3101,Specialist
2572,badme_ana_ho_badme,Specialist
2574,undertaker271,Specialist
2580,trinity,Specialist
2584,_ujjwal,Specialist
2586,NS3081992,Specialist
2591,._karma_.,Specialist
2596,asaecs2,Specialist
2602,Przemek,Specialist
2604,pratham0909,Specialist
2605,think.roon,Specialist
2606,thats_nayan71,Specialist
2618,aryan_bansal21,Specialist
2620,deep_69,Specialist
2621,arjun__sharma,Specialist
2623,Diganta,Specialist
2633,akshay_2902,Specialist
2634,SahajTC,Specialist
2636,ayush2321,Specialist
2642,namang01,Specialist
2650,helenmie,Specialist
2652,ru_98,Specialist
2657,KFPanda,Specialist
2661,im_Komal,Specialist
2663,rnishiura,Specialist
2666,chetan_saini,Specialist
2671,mohitejaikumar,Specialist
2672,Lior,Specialist
2676,o-o-owo,Specialist
2678,dixitdudhat86,Specialist
2679,centroid,Specialist
2680,anjkk01,Specialist
2683,CrowdedTunic8,Specialist
2685,furmarie,Specialist
2694,Aman_G011,Specialist
2698,spkumar9952,Specialist
2703,CallMeSam,Specialist
2707,vivek2943,Specialist
2708,mohit409194487,Specialist
2709,yaoxh,Specialist
2714,Parashurama108,Specialist
